epoch,train_acc,train_auc,test_acc,test_auc
0,0.885,0.8334958333333333,0.9625,0.9762398437500001
